id, username, gender, year of birth, used hand, used device, android vesion
1, USER1, M, 1994, left, samsung SM-J320F, 5.1.1 LOLLIPOP
2, USER2, M, 1999, right, samsung SM-J320F, 5.1.1 LOLLIPOP
3, USER3, F, 1969, right, samsung SM-J320F, 5.1.1 LOLLIPOP
4, USER4, M, 1968, right, samsung SM-J320F, 5.1.1 LOLLIPOP
5, USER5, F, 1974, right, samsung SM-J320F, 5.1.1 LOLLIPOP
6, USER6, M, 2002, left, Sony F3111, 6.0 LOLLIPOP_MR1
7, USER7, M, 2003, right, Sony F3111, 6.0 LOLLIPOP_MR1
8, USER8, F, 1995, right, Sony F3111, 6.0 LOLLIPOP_MR1
9, USER9, F, 1968, right, LGE-Nexus 5, 6.0.1 LOLLIPOP_MR1
10, USER10, M, 1998, right, Sony F3111, 6.0 LOLLIPOP_MR1
